term,category,replacement
assholeing,offensive,person
bastards,offensive,individual
grenadees,harmful,device
murders,harmful,eliminate
orgys,inappropriate,party
xxxed,inappropriate,video
orgyes,inappropriate,party
weaponing,harmful,tool
shits,offensive,poop
missileed,harmful,object
terroristes,harmful,suspect
jerking,offensive,guy
nudeing,inappropriate,image
murdered,harmful,eliminate
terroristes,harmful,suspect
sex,inappropriate,relationship
fucks,offensive,****
nude,inappropriate,image
sexing,inappropriate,relationship
xxx,inappropriate,video
fuck,offensive,****
assholees,offensive,person
asshole,offensive,person
weapon,harmful,tool
sexed,inappropriate,relationship
murderes,harmful,eliminate
missilees,harmful,object
killes,harmful,defeat
weapon,harmful,tool
terrorists,harmful,suspect
murder,harmful,eliminate
weaponing,harmful,tool
naked,inappropriate,bare
screws,offensive,bother
vaginas,inappropriate,area
vaginaing,inappropriate,area
dumbing,offensive,uninformed
pornes,inappropriate,content
vaginaes,inappropriate,area
guned,harmful,object
penis,inappropriate,part
boobs,inappropriate,body
fucked,offensive,****
nudees,inappropriate,image
bitched,offensive,person
missiles,harmful,object
terroristes,harmful,suspect
bastarding,offensive,individual
nakeding,inappropriate,bare
morons,offensive,fellow
guns,harmful,object
fucked,offensive,****
bitches,offensive,person
gun,harmful,object
boobsed,inappropriate,body
idioting,offensive,person
explosiveed,harmful,science experiment
orgying,inappropriate,party
masturbates,inappropriate,private act
masturbateed,inappropriate,private act
pornes,inappropriate,content
grenadeed,harmful,device
missilees,harmful,object
murdered,harmful,eliminate
dumbs,offensive,uninformed
nakeding,inappropriate,bare
murder,harmful,eliminate
explosivees,harmful,science experiment
vaginaed,inappropriate,area
assassinates,harmful,neutralize
bitchs,offensive,person
gunes,harmful,object
sex,inappropriate,relationship
orgys,inappropriate,party
screw,offensive,bother
orgyed,inappropriate,party
jerking,offensive,guy
asshole,offensive,person
dumbs,offensive,uninformed
moroned,offensive,fellow
missileed,harmful,object
bombes,harmful,educational project
grenades,harmful,device
fuck,offensive,****
boobsing,inappropriate,body
guns,harmful,object
penis,inappropriate,part
screwing,offensive,bother
killes,harmful,defeat
naked,inappropriate,bare
masturbates,inappropriate,private act
dumbing,offensive,uninformed
bombing,harmful,educational project
dumbed,offensive,uninformed
grenadeing,harmful,device
vaginaing,inappropriate,area
sexs,inappropriate,relationship
idiotes,offensive,person
assholes,offensive,person
moron,offensive,fellow
penis,inappropriate,part
screwes,offensive,bother
pornes,inappropriate,content
explosiveed,harmful,science experiment
explosiveing,harmful,science experiment
masturbateing,inappropriate,private act
shited,offensive,poop
porns,inappropriate,content
shited,offensive,poop
explosiveed,harmful,science experiment
weaponed,harmful,tool
weapons,harmful,tool
sexing,inappropriate,relationship
guning,harmful,object
explosive,harmful,science experiment
fucks,offensive,****
boobss,inappropriate,body
xxxed,inappropriate,video
weaponing,harmful,tool
nude,inappropriate,image
guned,harmful,object
missilees,harmful,object
bitches,offensive,person
grenade,harmful,device
dumbed,offensive,uninformed
bastarding,offensive,individual
porned,inappropriate,content
fucks,offensive,****
xxxes,inappropriate,video
boobses,inappropriate,body
dumbing,offensive,uninformed
masturbates,inappropriate,private act
grenade,harmful,device
missiles,harmful,object
nudeed,inappropriate,image
boobs,inappropriate,body
boobsing,inappropriate,body
sexed,inappropriate,relationship
orgyes,inappropriate,party
grenade,harmful,device
vaginaing,inappropriate,area
dumbes,offensive,uninformed
bitches,offensive,person
bombes,harmful,educational project
shit,offensive,poop
orgyes,inappropriate,party
grenades,harmful,device
porn,inappropriate,content
bitches,offensive,person
killed,harmful,defeat
orgy,inappropriate,party
boobses,inappropriate,body
pornes,inappropriate,content
nudeed,inappropriate,image
porned,inappropriate,content
boobsed,inappropriate,body
vagina,inappropriate,area
penis,inappropriate,part
morones,offensive,fellow
assassinate,harmful,neutralize
terrorists,harmful,suspect
penis,inappropriate,part
xxx,inappropriate,video
dumbes,offensive,uninformed
nakedes,inappropriate,bare
xxxes,inappropriate,video
boobss,inappropriate,body
fucked,offensive,****
vaginaing,inappropriate,area
sexs,inappropriate,relationship
screwed,offensive,bother
terroristed,harmful,suspect
bombing,harmful,educational project
orgyes,inappropriate,party
assholes,offensive,person
terroristes,harmful,suspect
screws,offensive,bother
screwed,offensive,bother
porned,inappropriate,content
dumbes,offensive,uninformed
masturbateed,inappropriate,private act
assassinatees,harmful,neutralize
killes,harmful,defeat
pornes,inappropriate,content
bombes,harmful,educational project
xxxing,inappropriate,video
orgying,inappropriate,party
jerkes,offensive,guy
moroned,offensive,fellow
penises,inappropriate,part
nudeed,inappropriate,image
assassinatees,harmful,neutralize
boobses,inappropriate,body
masturbateing,inappropriate,private act
moron,offensive,fellow
porns,inappropriate,content
jerks,offensive,guy
assholees,offensive,person
bombes,harmful,educational project
moroning,offensive,fellow
xxx,inappropriate,video
fucking,offensive,****
fucked,offensive,****
assholees,offensive,person
fuck,offensive,****
xxxed,inappropriate,video
murderes,harmful,eliminate
penised,inappropriate,part
jerked,offensive,guy
boobs,inappropriate,body
dumbes,offensive,uninformed
grenadeing,harmful,device
boobsing,inappropriate,body
kills,harmful,defeat
fuck,offensive,****
dumbes,offensive,uninformed
bastard,offensive,individual
bastarded,offensive,individual
bitchs,offensive,person
porns,inappropriate,content
xxxes,inappropriate,video
nakeding,inappropriate,bare
kill,harmful,defeat
nakeded,inappropriate,bare
grenadees,harmful,device
penis,inappropriate,part
bitchs,offensive,person
xxxs,inappropriate,video
nudeed,inappropriate,image
bitches,offensive,person
sexing,inappropriate,relationship
morones,offensive,fellow
missileed,harmful,object
idiotes,offensive,person
xxxed,inappropriate,video
jerked,offensive,guy
bastard,offensive,individual
dumb,offensive,uninformed
boobss,inappropriate,body
kills,harmful,defeat
moron,offensive,fellow
nudees,inappropriate,image
assholeing,offensive,person
bitched,offensive,person
dumbs,offensive,uninformed
boobss,inappropriate,body
guns,harmful,object
shited,offensive,poop
bastarded,offensive,individual
vaginaed,inappropriate,area
assassinateed,harmful,neutralize
nakedes,inappropriate,bare
penised,inappropriate,part
vaginas,inappropriate,area
murders,harmful,eliminate
shits,offensive,poop
nakeded,inappropriate,bare
idioted,offensive,person
screwing,offensive,bother
jerking,offensive,guy
bastarding,offensive,individual
assholees,offensive,person
assassinates,harmful,neutralize
bombing,harmful,educational project
assassinateed,harmful,neutralize
killing,harmful,defeat
porn,inappropriate,content
jerkes,offensive,guy
boobs,inappropriate,body
xxxes,inappropriate,video
xxx,inappropriate,video
nude,inappropriate,image
moroned,offensive,fellow
orgys,inappropriate,party
kill,harmful,defeat
weapon,harmful,tool
screwing,offensive,bother
boobs,inappropriate,body
morones,offensive,fellow
idioted,offensive,person
peniss,inappropriate,part
murderes,harmful,eliminate
terrorist,harmful,suspect
sexing,inappropriate,relationship
dumbing,offensive,uninformed
masturbateed,inappropriate,private act
asshole,offensive,person
orgyed,inappropriate,party
orgyes,inappropriate,party
terrorists,harmful,suspect
guning,harmful,object
nakeding,inappropriate,bare
nudees,inappropriate,image
masturbateing,inappropriate,private act
sexed,inappropriate,relationship
explosives,harmful,science experiment
guns,harmful,object
fucks,offensive,****
fucking,offensive,****
shited,offensive,poop
terroristing,harmful,suspect
moroning,offensive,fellow
killed,harmful,defeat
shit,offensive,poop
porn,inappropriate,content
sex,inappropriate,relationship
grenades,harmful,device
idiot,offensive,person
fucks,offensive,****
bastarded,offensive,individual
sexs,inappropriate,relationship
vagina,inappropriate,area
kill,harmful,defeat
weaponed,harmful,tool
orgy,inappropriate,party
fucking,offensive,****
bastards,offensive,individual
guned,harmful,object
grenadees,harmful,device
guning,harmful,object
missiles,harmful,object
assassinateing,harmful,neutralize
shites,offensive,poop
killed,harmful,defeat
nudes,inappropriate,image
guned,harmful,object
terrorists,harmful,suspect
jerking,offensive,guy
weapones,harmful,tool
murdered,harmful,eliminate
boobsed,inappropriate,body
penised,inappropriate,part
xxxs,inappropriate,video
vaginas,inappropriate,area
assholeed,offensive,person
asshole,offensive,person
porns,inappropriate,content
missiles,harmful,object
murder,harmful,eliminate
screwed,offensive,bother
assholes,offensive,person
boobss,inappropriate,body
sexes,inappropriate,relationship
terroristes,harmful,suspect
bombing,harmful,educational project
explosives,harmful,science experiment
porns,inappropriate,content
porn,inappropriate,content
explosives,harmful,science experiment
bitching,offensive,person
vagina,inappropriate,area
screw,offensive,bother
bastard,offensive,individual
masturbate,inappropriate,private act
nudees,inappropriate,image
masturbateed,inappropriate,private act
missilees,harmful,object
assholeing,offensive,person
weapons,harmful,tool
vaginaed,inappropriate,area
terrorist,harmful,suspect
screwing,offensive,bother
grenades,harmful,device
dumbes,offensive,uninformed
screws,offensive,bother
moron,offensive,fellow
explosiveed,harmful,science experiment
murderes,harmful,eliminate
idioting,offensive,person
idiotes,offensive,person
bitched,offensive,person
weaponed,harmful,tool
grenade,harmful,device
naked,inappropriate,bare
explosiveed,harmful,science experiment
assholes,offensive,person
asshole,offensive,person
fucked,offensive,****
shits,offensive,poop
peniss,inappropriate,part
bastards,offensive,individual
asshole,offensive,person
screwed,offensive,bother
jerk,offensive,guy
assholeed,offensive,person
killing,harmful,defeat
screws,offensive,bother
shit,offensive,poop
weapons,harmful,tool
xxxing,inappropriate,video
bastarded,offensive,individual
xxxs,inappropriate,video
boobses,inappropriate,body
bitchs,offensive,person
bitching,offensive,person
bastards,offensive,individual
murders,harmful,eliminate
weapon,harmful,tool
boobss,inappropriate,body
murdered,harmful,eliminate
murders,harmful,eliminate
bitching,offensive,person
moron,offensive,fellow
nakeding,inappropriate,bare
sex,inappropriate,relationship
penises,inappropriate,part
nudeing,inappropriate,image
assholes,offensive,person
xxx,inappropriate,video
explosiveing,harmful,science experiment
assassinate,harmful,neutralize
weaponed,harmful,tool
nudees,inappropriate,image
xxxed,inappropriate,video
terroristed,harmful,suspect
killing,harmful,defeat
weapons,harmful,tool
assassinate,harmful,neutralize
screws,offensive,bother
nakedes,inappropriate,bare
killes,harmful,defeat
jerk,offensive,guy
porned,inappropriate,content
jerked,offensive,guy
explosive,harmful,science experiment
weapones,harmful,tool
missileed,harmful,object
moron,offensive,fellow
bastards,offensive,individual
nudees,inappropriate,image
nude,inappropriate,image
explosiveing,harmful,science experiment
bastards,offensive,individual
grenadeing,harmful,device
dumbs,offensive,uninformed
grenades,harmful,device
dumb,offensive,uninformed
penis,inappropriate,part
jerkes,offensive,guy
moroned,offensive,fellow
assholeed,offensive,person
terroristing,harmful,suspect
weapons,harmful,tool
jerked,offensive,guy
bastardes,offensive,individual
orgys,inappropriate,party
vaginaed,inappropriate,area
missilees,harmful,object
terrorist,harmful,suspect
bastarded,offensive,individual
boobss,inappropriate,body
jerks,offensive,guy
explosives,harmful,science experiment
idiot,offensive,person
grenadeed,harmful,device
peniss,inappropriate,part
screws,offensive,bother
bombed,harmful,educational project
boobses,inappropriate,body
porned,inappropriate,content
fuckes,offensive,****
bitches,offensive,person
missileing,harmful,object
jerkes,offensive,guy
vaginaing,inappropriate,area
bombing,harmful,educational project
explosiveed,harmful,science experiment
vaginaes,inappropriate,area
murder,harmful,eliminate
bombing,harmful,educational project
terroristing,harmful,suspect
idioted,offensive,person
terroristing,harmful,suspect
orgying,inappropriate,party
weapon,harmful,tool
nakeding,inappropriate,bare
weapones,harmful,tool
masturbateed,inappropriate,private act
sexs,inappropriate,relationship
vaginas,inappropriate,area
bastardes,offensive,individual
sexing,inappropriate,relationship
shites,offensive,poop
orgy,inappropriate,party
naked,inappropriate,bare
boobs,inappropriate,body
orgys,inappropriate,party
assassinates,harmful,neutralize
boobsed,inappropriate,body
xxx,inappropriate,video
dumb,offensive,uninformed
terrorist,harmful,suspect
bitch,offensive,person
nudeing,inappropriate,image
terroristes,harmful,suspect
masturbate,inappropriate,private act
fucking,offensive,****
bitch,offensive,person
terroristed,harmful,suspect
shiting,offensive,poop
assassinate,harmful,neutralize
bitches,offensive,person
nakeds,inappropriate,bare
screwing,offensive,bother
murders,harmful,eliminate
fuckes,offensive,****
orgy,inappropriate,party
orgying,inappropriate,party
xxx,inappropriate,video
orgying,inappropriate,party
boobs,inappropriate,body
moron,offensive,fellow
bitching,offensive,person
kill,harmful,defeat
boobsed,inappropriate,body
missilees,harmful,object
shiting,offensive,poop
vaginaes,inappropriate,area
shiting,offensive,poop
naked,inappropriate,bare
weaponed,harmful,tool
bitching,offensive,person
shits,offensive,poop
bitched,offensive,person
penised,inappropriate,part
murdered,harmful,eliminate
boobs,inappropriate,body
guns,harmful,object
orgying,inappropriate,party
terroristes,harmful,suspect
moron,offensive,fellow
pornes,inappropriate,content
killed,harmful,defeat
idioting,offensive,person
moron,offensive,fellow
penised,inappropriate,part
nakedes,inappropriate,bare
bitched,offensive,person
murdering,harmful,eliminate
vaginaed,inappropriate,area
penises,inappropriate,part
penises,inappropriate,part
moroned,offensive,fellow
grenadeing,harmful,device
penised,inappropriate,part
bitchs,offensive,person
jerked,offensive,guy
grenades,harmful,device
bastarded,offensive,individual
masturbateing,inappropriate,private act
missileed,harmful,object
bastard,offensive,individual
bitch,offensive,person
fuck,offensive,****
pornes,inappropriate,content
vaginas,inappropriate,area
explosiveed,harmful,science experiment
sex,inappropriate,relationship
masturbateing,inappropriate,private act
vagina,inappropriate,area
grenadeing,harmful,device
shits,offensive,poop
nude,inappropriate,image
weapons,harmful,tool
assassinateed,harmful,neutralize
bastardes,offensive,individual
bombs,harmful,educational project
masturbatees,inappropriate,private act
masturbatees,inappropriate,private act
assassinateing,harmful,neutralize
nudees,inappropriate,image
missiles,harmful,object
bastarded,offensive,individual
guns,harmful,object
weaponed,harmful,tool
weaponed,harmful,tool
sex,inappropriate,relationship
missilees,harmful,object
bombing,harmful,educational project
dumbs,offensive,uninformed
weapones,harmful,tool
orgyes,inappropriate,party
jerks,offensive,guy
masturbateed,inappropriate,private act
jerks,offensive,guy
assassinateing,harmful,neutralize
fucked,offensive,****
pornes,inappropriate,content
grenades,harmful,device
vaginaing,inappropriate,area
bitchs,offensive,person
explosivees,harmful,science experiment
idiots,offensive,person
jerk,offensive,guy
missiles,harmful,object
killing,harmful,defeat
killing,harmful,defeat
terroristing,harmful,suspect
naked,inappropriate,bare
boobss,inappropriate,body
missiles,harmful,object
bastarding,offensive,individual
vaginaes,inappropriate,area
idiotes,offensive,person
idiots,offensive,person
porns,inappropriate,content
explosivees,harmful,science experiment
masturbatees,inappropriate,private act
screwing,offensive,bother
explosive,harmful,science experiment
guned,harmful,object
shites,offensive,poop
moroning,offensive,fellow
bastard,offensive,individual
assassinateing,harmful,neutralize
naked,inappropriate,bare
gunes,harmful,object
terrorist,harmful,suspect
orgy,inappropriate,party
jerking,offensive,guy
bomb,harmful,educational project
bitches,offensive,person
boobses,inappropriate,body
sex,inappropriate,relationship
weaponing,harmful,tool
screwing,offensive,bother
guns,harmful,object
assholeed,offensive,person
dumbes,offensive,uninformed
boobsed,inappropriate,body
pornes,inappropriate,content
guned,harmful,object
jerkes,offensive,guy
bombing,harmful,educational project
masturbateed,inappropriate,private act
moron,offensive,fellow
idiotes,offensive,person
fucks,offensive,****
shits,offensive,poop
dumbed,offensive,uninformed
idiotes,offensive,person
nude,inappropriate,image
terroristing,harmful,suspect
peniss,inappropriate,part
orgying,inappropriate,party
screwed,offensive,bother
sex,inappropriate,relationship
orgyed,inappropriate,party
grenadeed,harmful,device
missilees,harmful,object
boobsed,inappropriate,body
jerkes,offensive,guy
grenadeing,harmful,device
fucking,offensive,****
nakeded,inappropriate,bare
guned,harmful,object
explosiveed,harmful,science experiment
assassinateing,harmful,neutralize
kill,harmful,defeat
bombing,harmful,educational project
orgying,inappropriate,party
moron,offensive,fellow
weaponed,harmful,tool
gunes,harmful,object
weapon,harmful,tool
weapon,harmful,tool
assholees,offensive,person
terroristing,harmful,suspect
murdered,harmful,eliminate
shiting,offensive,poop
screwing,offensive,bother
killing,harmful,defeat
masturbate,inappropriate,private act
terrorist,harmful,suspect
missiles,harmful,object
vagina,inappropriate,area
porned,inappropriate,content
sex,inappropriate,relationship
bastard,offensive,individual
masturbatees,inappropriate,private act
idiot,offensive,person
masturbateing,inappropriate,private act
boobss,inappropriate,body
screw,offensive,bother
bitches,offensive,person
bombs,harmful,educational project
explosives,harmful,science experiment
bastarding,offensive,individual
boobsed,inappropriate,body
screws,offensive,bother
fucked,offensive,****
murdered,harmful,eliminate
nudes,inappropriate,image
murder,harmful,eliminate
explosivees,harmful,science experiment
grenades,harmful,device
nudeing,inappropriate,image
weapon,harmful,tool
penised,inappropriate,part
penis,inappropriate,part
boobses,inappropriate,body
screws,offensive,bother
missiles,harmful,object
bombs,harmful,educational project
assassinate,harmful,neutralize
assassinateing,harmful,neutralize
guned,harmful,object
assassinates,harmful,neutralize
penising,inappropriate,part
assassinateed,harmful,neutralize
penis,inappropriate,part
orgy,inappropriate,party
missiles,harmful,object
idioted,offensive,person
naked,inappropriate,bare
assholeed,offensive,person
masturbateed,inappropriate,private act
missilees,harmful,object
penis,inappropriate,part
dumb,offensive,uninformed
assassinateed,harmful,neutralize
terroristed,harmful,suspect
xxxing,inappropriate,video
sexing,inappropriate,relationship
naked,inappropriate,bare
nudees,inappropriate,image
nakeds,inappropriate,bare
nude,inappropriate,image
bastardes,offensive,individual
fucks,offensive,****
guns,harmful,object
dumb,offensive,uninformed
terrorists,harmful,suspect
explosivees,harmful,science experiment
fuck,offensive,****
jerked,offensive,guy
shit,offensive,poop
shited,offensive,poop
gun,harmful,object
terroristing,harmful,suspect
jerkes,offensive,guy
dumb,offensive,uninformed
assassinateed,harmful,neutralize
explosive,harmful,science experiment
missileed,harmful,object
bitching,offensive,person
terrorists,harmful,suspect
bombed,harmful,educational project
terroristes,harmful,suspect
morons,offensive,fellow
grenadees,harmful,device
shits,offensive,poop
murdering,harmful,eliminate
killes,harmful,defeat
bombes,harmful,educational project
guning,harmful,object
screwed,offensive,bother
orgying,inappropriate,party
idiot,offensive,person
idiot,offensive,person
shit,offensive,poop
sexed,inappropriate,relationship
weaponing,harmful,tool
murderes,harmful,eliminate
bastarding,offensive,individual
missileing,harmful,object
penising,inappropriate,part
porn,inappropriate,content
assassinates,harmful,neutralize
grenadeing,harmful,device
sexing,inappropriate,relationship
gunes,harmful,object
idiotes,offensive,person
fucking,offensive,****
orgyed,inappropriate,party
grenadeed,harmful,device
weapons,harmful,tool
grenadees,harmful,device
nude,inappropriate,image
fucked,offensive,****
idioted,offensive,person
shited,offensive,poop
explosivees,harmful,science experiment
grenadeed,harmful,device
bastarding,offensive,individual
vaginaes,inappropriate,area
explosiveing,harmful,science experiment
dumbes,offensive,uninformed
orgy,inappropriate,party
guned,harmful,object
bastardes,offensive,individual
terrorists,harmful,suspect
bombed,harmful,educational project
boobses,inappropriate,body
murdered,harmful,eliminate
bastardes,offensive,individual
assholes,offensive,person
bitch,offensive,person
nudees,inappropriate,image
sexed,inappropriate,relationship
murderes,harmful,eliminate
bombed,harmful,educational project
kills,harmful,defeat
masturbates,inappropriate,private act
screwes,offensive,bother
bitched,offensive,person
assholes,offensive,person
idioted,offensive,person
sexing,inappropriate,relationship
nudeing,inappropriate,image
jerk,offensive,guy
orgy,inappropriate,party
kill,harmful,defeat
shites,offensive,poop
morones,offensive,fellow
jerks,offensive,guy
missilees,harmful,object
idiotes,offensive,person
killes,harmful,defeat
gunes,harmful,object
peniss,inappropriate,part
assassinatees,harmful,neutralize
bastard,offensive,individual
porns,inappropriate,content
guns,harmful,object
dumbes,offensive,uninformed
missileed,harmful,object
bitched,offensive,person
assholes,offensive,person
kill,harmful,defeat
bombed,harmful,educational project
terrorist,harmful,suspect
nakeds,inappropriate,bare
nakedes,inappropriate,bare
assassinateed,harmful,neutralize
jerks,offensive,guy
guns,harmful,object
shits,offensive,poop
jerkes,offensive,guy
xxxs,inappropriate,video
murdering,harmful,eliminate
pornes,inappropriate,content
bastarded,offensive,individual
boobs,inappropriate,body
boobss,inappropriate,body
dumbed,offensive,uninformed
nakeding,inappropriate,bare
screwing,offensive,bother
moron,offensive,fellow
xxxing,inappropriate,video
weapons,harmful,tool
porned,inappropriate,content
dumbing,offensive,uninformed
xxxs,inappropriate,video
shiting,offensive,poop
bombs,harmful,educational project
pornes,inappropriate,content
assholeed,offensive,person
naked,inappropriate,bare
sexs,inappropriate,relationship
assholeed,offensive,person
assholeing,offensive,person
dumbing,offensive,uninformed
weaponing,harmful,tool
gunes,harmful,object
idiotes,offensive,person
terroristing,harmful,suspect
assholeing,offensive,person
shit,offensive,poop
bitchs,offensive,person
kill,harmful,defeat
fucks,offensive,****
peniss,inappropriate,part
moroning,offensive,fellow
weapones,harmful,tool
explosiveed,harmful,science experiment
masturbateing,inappropriate,private act
penising,inappropriate,part
gun,harmful,object
porning,inappropriate,content
dumbs,offensive,uninformed
porned,inappropriate,content
masturbates,inappropriate,private act
terroristed,harmful,suspect
missileing,harmful,object
bitchs,offensive,person
assassinatees,harmful,neutralize
asshole,offensive,person
porning,inappropriate,content
masturbates,inappropriate,private act
grenades,harmful,device
killing,harmful,defeat
boobsed,inappropriate,body
explosiveing,harmful,science experiment
boobss,inappropriate,body
assholeing,offensive,person
terroristed,harmful,suspect
guned,harmful,object
shites,offensive,poop
vaginaed,inappropriate,area
terrorists,harmful,suspect
boobsing,inappropriate,body
weaponing,harmful,tool
bomb,harmful,educational project
sexes,inappropriate,relationship
bitches,offensive,person
masturbateed,inappropriate,private act
moroning,offensive,fellow
penis,inappropriate,part
dumbing,offensive,uninformed
vaginaed,inappropriate,area
sexs,inappropriate,relationship
penising,inappropriate,part
bitchs,offensive,person
missileed,harmful,object
porning,inappropriate,content
missiles,harmful,object
bitchs,offensive,person
explosiveed,harmful,science experiment
morones,offensive,fellow
shits,offensive,poop
weapones,harmful,tool
guning,harmful,object
weaponing,harmful,tool
morons,offensive,fellow
weaponed,harmful,tool
nude,inappropriate,image
orgy,inappropriate,party
weaponing,harmful,tool
asshole,offensive,person
penised,inappropriate,part
bombed,harmful,educational project
weapon,harmful,tool
dumb,offensive,uninformed
bombes,harmful,educational project
bastarded,offensive,individual
kills,harmful,defeat
orgyes,inappropriate,party
killed,harmful,defeat
grenades,harmful,device
missilees,harmful,object
murdering,harmful,eliminate
murdering,harmful,eliminate
guned,harmful,object
nudeed,inappropriate,image
kill,harmful,defeat
orgy,inappropriate,party
nudees,inappropriate,image
assassinatees,harmful,neutralize
murderes,harmful,eliminate
peniss,inappropriate,part
explosives,harmful,science experiment
shit,offensive,poop
assholeing,offensive,person
gun,harmful,object
xxx,inappropriate,video
screws,offensive,bother
morons,offensive,fellow
nakeded,inappropriate,bare
assassinate,harmful,neutralize
bitches,offensive,person
bomb,harmful,educational project
nudeed,inappropriate,image
assholes,offensive,person
explosives,harmful,science experiment
bastarding,offensive,individual
xxxing,inappropriate,video
guning,harmful,object
screwed,offensive,bother
bastarding,offensive,individual
fucking,offensive,****
bitches,offensive,person
bastardes,offensive,individual
orgyed,inappropriate,party
idioted,offensive,person
jerk,offensive,guy
killes,harmful,defeat
penised,inappropriate,part
penised,inappropriate,part
bombing,harmful,educational project
guned,harmful,object
grenade,harmful,device
murder,harmful,eliminate
shit,offensive,poop
grenadeing,harmful,device
assassinateed,harmful,neutralize
missileed,harmful,object
penis,inappropriate,part
weapons,harmful,tool
morones,offensive,fellow
fuck,offensive,****
nakeding,inappropriate,bare
screwing,offensive,bother
fucks,offensive,****
screw,offensive,bother
explosive,harmful,science experiment
xxxes,inappropriate,video
terroristed,harmful,suspect
bitched,offensive,person
penising,inappropriate,part
nudees,inappropriate,image
fuck,offensive,****
fuckes,offensive,****
jerked,offensive,guy
guns,harmful,object
assholeed,offensive,person
jerk,offensive,guy
nude,inappropriate,image
sexs,inappropriate,relationship
nakeds,inappropriate,bare
dumbs,offensive,uninformed
penised,inappropriate,part
masturbate,inappropriate,private act
weapones,harmful,tool
gunes,harmful,object
sexing,inappropriate,relationship
nakeds,inappropriate,bare
shites,offensive,poop
penis,inappropriate,part
penis,inappropriate,part
explosive,harmful,science experiment
bastarding,offensive,individual
bitching,offensive,person
nakeding,inappropriate,bare
kill,harmful,defeat
masturbatees,inappropriate,private act
moroning,offensive,fellow
guning,harmful,object
orgying,inappropriate,party
terroristed,harmful,suspect
moron,offensive,fellow
orgys,inappropriate,party
murdering,harmful,eliminate
dumbs,offensive,uninformed
morones,offensive,fellow
explosiveed,harmful,science experiment
boobs,inappropriate,body
weapons,harmful,tool
assassinateing,harmful,neutralize
explosive,harmful,science experiment
nudees,inappropriate,image
bastardes,offensive,individual
jerk,offensive,guy
explosivees,harmful,science experiment
screws,offensive,bother
penising,inappropriate,part
asshole,offensive,person
bitches,offensive,person
nakeds,inappropriate,bare
dumbs,offensive,uninformed
orgyed,inappropriate,party
assassinates,harmful,neutralize
grenades,harmful,device
grenadees,harmful,device
bastarded,offensive,individual
nudeing,inappropriate,image
nudeing,inappropriate,image
missile,harmful,object
bitched,offensive,person
bombs,harmful,educational project
shiting,offensive,poop
nudes,inappropriate,image
moroned,offensive,fellow
kills,harmful,defeat
penised,inappropriate,part
moron,offensive,fellow
bitch,offensive,person
penising,inappropriate,part
boobsing,inappropriate,body
jerked,offensive,guy
fucking,offensive,****
porning,inappropriate,content
nude,inappropriate,image
nakeding,inappropriate,bare
killes,harmful,defeat
bombing,harmful,educational project
sexing,inappropriate,relationship
moroned,offensive,fellow
terrorists,harmful,suspect
shites,offensive,poop
nude,inappropriate,image
assassinateed,harmful,neutralize
bombes,harmful,educational project
bastards,offensive,individual
explosiveed,harmful,science experiment
bombes,harmful,educational project
shited,offensive,poop
terroristed,harmful,suspect
bitching,offensive,person
assassinate,harmful,neutralize
explosivees,harmful,science experiment
morones,offensive,fellow
sex,inappropriate,relationship
naked,inappropriate,bare
shiting,offensive,poop
penised,inappropriate,part
shites,offensive,poop
jerking,offensive,guy
orgyed,inappropriate,party
dumbes,offensive,uninformed
nudes,inappropriate,image
vaginas,inappropriate,area
vaginaes,inappropriate,area
explosives,harmful,science experiment
bombs,harmful,educational project
assassinateing,harmful,neutralize
boobses,inappropriate,body
sexing,inappropriate,relationship
gun,harmful,object
assholeed,offensive,person
porning,inappropriate,content
kills,harmful,defeat
moron,offensive,fellow
bastards,offensive,individual
bombed,harmful,educational project
explosive,harmful,science experiment
bastarding,offensive,individual
masturbateing,inappropriate,private act
terroristes,harmful,suspect
nudeing,inappropriate,image
idiotes,offensive,person
bombes,harmful,educational project
bitched,offensive,person
asshole,offensive,person
shiting,offensive,poop
nudes,inappropriate,image
jerk,offensive,guy
bastarding,offensive,individual
penising,inappropriate,part
bombs,harmful,educational project
porns,inappropriate,content
moroning,offensive,fellow
naked,inappropriate,bare
dumbes,offensive,uninformed
murderes,harmful,eliminate
vaginaing,inappropriate,area
gun,harmful,object
fucks,offensive,****
naked,inappropriate,bare
screws,offensive,bother
asshole,offensive,person
penises,inappropriate,part
moron,offensive,fellow
morons,offensive,fellow
kill,harmful,defeat
assholes,offensive,person
assassinates,harmful,neutralize
murdered,harmful,eliminate
sexing,inappropriate,relationship
dumbed,offensive,uninformed
gun,harmful,object
assassinates,harmful,neutralize
assholees,offensive,person
murdered,harmful,eliminate
nudes,inappropriate,image
bombs,harmful,educational project
sex,inappropriate,relationship
penised,inappropriate,part
sex,inappropriate,relationship
penised,inappropriate,part
nakeds,inappropriate,bare
orgys,inappropriate,party
dumb,offensive,uninformed
vaginaes,inappropriate,area
assholeed,offensive,person
porned,inappropriate,content
explosiveed,harmful,science experiment
morones,offensive,fellow
explosiveed,harmful,science experiment
terroristes,harmful,suspect
vagina,inappropriate,area
bitch,offensive,person
boobsing,inappropriate,body
asshole,offensive,person
sex,inappropriate,relationship
grenadeing,harmful,device
missileed,harmful,object
xxxs,inappropriate,video
boobsed,inappropriate,body
bombes,harmful,educational project
nudeed,inappropriate,image
weaponed,harmful,tool
shiting,offensive,poop
killing,harmful,defeat
shits,offensive,poop
nude,inappropriate,image
boobsed,inappropriate,body
grenadeed,harmful,device
screwed,offensive,bother
boobsed,inappropriate,body
assassinate,harmful,neutralize
shited,offensive,poop
bastard,offensive,individual
masturbateing,inappropriate,private act
boobsing,inappropriate,body
dumbes,offensive,uninformed
idioting,offensive,person
killing,harmful,defeat
xxx,inappropriate,video
porned,inappropriate,content
boobss,inappropriate,body
bomb,harmful,educational project
bombs,harmful,educational project
nakedes,inappropriate,bare
shit,offensive,poop
killed,harmful,defeat
terroristed,harmful,suspect
assholeed,offensive,person
nudees,inappropriate,image
bombing,harmful,educational project
xxxes,inappropriate,video
masturbateed,inappropriate,private act
naked,inappropriate,bare
murderes,harmful,eliminate
jerkes,offensive,guy
bitches,offensive,person
gunes,harmful,object
bombs,harmful,educational project
fuckes,offensive,****
missileing,harmful,object
screwes,offensive,bother
xxxing,inappropriate,video
bitched,offensive,person
bomb,harmful,educational project
peniss,inappropriate,part
grenadees,harmful,device
masturbates,inappropriate,private act
killing,harmful,defeat
grenadeed,harmful,device
jerked,offensive,guy
jerks,offensive,guy
dumbing,offensive,uninformed
grenades,harmful,device
pornes,inappropriate,content
jerks,offensive,guy
boobs,inappropriate,body
sex,inappropriate,relationship
nudeed,inappropriate,image
idioted,offensive,person
xxxing,inappropriate,video
idiotes,offensive,person
jerked,offensive,guy
idiots,offensive,person
porns,inappropriate,content
orgyes,inappropriate,party
vaginaing,inappropriate,area
screwed,offensive,bother
vagina,inappropriate,area
masturbateing,inappropriate,private act
morons,offensive,fellow
murders,harmful,eliminate
idiotes,offensive,person
bombed,harmful,educational project
terroristes,harmful,suspect
terroristed,harmful,suspect
porn,inappropriate,content
idiots,offensive,person
porning,inappropriate,content
grenade,harmful,device
terrorists,harmful,suspect
assholes,offensive,person
boobs,inappropriate,body
nakeding,inappropriate,bare
missileed,harmful,object
screwed,offensive,bother
nakeds,inappropriate,bare
jerking,offensive,guy
explosive,harmful,science experiment
assholees,offensive,person
screwes,offensive,bother
masturbate,inappropriate,private act
masturbatees,inappropriate,private act
dumbing,offensive,uninformed
assholeing,offensive,person
vaginas,inappropriate,area
penises,inappropriate,part
grenade,harmful,device
screw,offensive,bother
jerkes,offensive,guy
dumbing,offensive,uninformed
bastards,offensive,individual
xxxed,inappropriate,video
fuck,offensive,****
dumbs,offensive,uninformed
terrorists,harmful,suspect
nudeed,inappropriate,image
kills,harmful,defeat
grenadeed,harmful,device
terroristed,harmful,suspect
fuckes,offensive,****
orgyed,inappropriate,party
guning,harmful,object
guns,harmful,object
xxxes,inappropriate,video
bastarded,offensive,individual
murdering,harmful,eliminate
missileed,harmful,object
bitched,offensive,person
shiting,offensive,poop
bitching,offensive,person
penis,inappropriate,part
missileing,harmful,object
xxxing,inappropriate,video
kill,harmful,defeat
dumb,offensive,uninformed
grenade,harmful,device
screw,offensive,bother
moron,offensive,fellow
porns,inappropriate,content
bombing,harmful,educational project
morones,offensive,fellow
boobses,inappropriate,body
murdering,harmful,eliminate
dumbes,offensive,uninformed
kill,harmful,defeat
missiles,harmful,object
screwing,offensive,bother
jerked,offensive,guy
explosives,harmful,science experiment
explosiveing,harmful,science experiment
nakeds,inappropriate,bare
nakeds,inappropriate,bare
idioted,offensive,person
penised,inappropriate,part
idiotes,offensive,person
orgying,inappropriate,party
nudes,inappropriate,image
bitching,offensive,person
orgyes,inappropriate,party
jerkes,offensive,guy
masturbate,inappropriate,private act
explosive,harmful,science experiment
idiots,offensive,person
nakeding,inappropriate,bare
murdered,harmful,eliminate
fucked,offensive,****
gun,harmful,object
kills,harmful,defeat
dumbs,offensive,uninformed
shit,offensive,poop
screwing,offensive,bother
moroning,offensive,fellow
asshole,offensive,person
nude,inappropriate,image
jerked,offensive,guy
moron,offensive,fellow
assassinates,harmful,neutralize
penising,inappropriate,part
bastarding,offensive,individual
missile,harmful,object
idiots,offensive,person
porning,inappropriate,content
screwed,offensive,bother
vagina,inappropriate,area
bastard,offensive,individual
gun,harmful,object
assassinateed,harmful,neutralize
jerkes,offensive,guy
bomb,harmful,educational project
nakeds,inappropriate,bare
murdered,harmful,eliminate
masturbateing,inappropriate,private act
pornes,inappropriate,content
murdered,harmful,eliminate
shits,offensive,poop
vaginaing,inappropriate,area
terroristes,harmful,suspect
xxxs,inappropriate,video
weaponed,harmful,tool
nakedes,inappropriate,bare
idiots,offensive,person
masturbate,inappropriate,private act
shits,offensive,poop
assholees,offensive,person
bastard,offensive,individual
grenades,harmful,device
assassinate,harmful,neutralize
bombing,harmful,educational project
murdered,harmful,eliminate
masturbatees,inappropriate,private act
bastard,offensive,individual
fuckes,offensive,****
vaginaed,inappropriate,area
bitchs,offensive,person
jerkes,offensive,guy
dumb,offensive,uninformed
terroristed,harmful,suspect
fuckes,offensive,****
boobses,inappropriate,body
nudeed,inappropriate,image
morones,offensive,fellow
guns,harmful,object
nakeds,inappropriate,bare
idiots,offensive,person
morones,offensive,fellow
fucking,offensive,****
weapon,harmful,tool
kill,harmful,defeat
morons,offensive,fellow
masturbateed,inappropriate,private act
moroning,offensive,fellow
weapons,harmful,tool
terroristes,harmful,suspect
porn,inappropriate,content
weapones,harmful,tool
nude,inappropriate,image
grenadeing,harmful,device
gunes,harmful,object
fuck,offensive,****
fuckes,offensive,****
xxxes,inappropriate,video
orgyed,inappropriate,party
nudes,inappropriate,image
idiots,offensive,person
nude,inappropriate,image
sexing,inappropriate,relationship
morons,offensive,fellow
penised,inappropriate,part
guns,harmful,object
xxxing,inappropriate,video
grenadeed,harmful,device
penis,inappropriate,part
killing,harmful,defeat
bastards,offensive,individual
killed,harmful,defeat
killing,harmful,defeat
bitched,offensive,person
fucked,offensive,****
missilees,harmful,object
sexed,inappropriate,relationship
dumbes,offensive,uninformed
orgying,inappropriate,party
pornes,inappropriate,content
boobs,inappropriate,body
moroning,offensive,fellow
terrorists,harmful,suspect
penising,inappropriate,part
bombes,harmful,educational project
weapons,harmful,tool
murdered,harmful,eliminate
dumbed,offensive,uninformed
kills,harmful,defeat
moroning,offensive,fellow
weapones,harmful,tool
bombing,harmful,educational project
assassinatees,harmful,neutralize
bitches,offensive,person
porns,inappropriate,content
jerking,offensive,guy
xxx,inappropriate,video
assholeing,offensive,person
explosivees,harmful,science experiment
gunes,harmful,object
xxxes,inappropriate,video
nudeing,inappropriate,image
dumbed,offensive,uninformed
screwed,offensive,bother
porned,inappropriate,content
killed,harmful,defeat
dumbes,offensive,uninformed
assassinates,harmful,neutralize
boobs,inappropriate,body
grenade,harmful,device
weaponing,harmful,tool
masturbatees,inappropriate,private act
masturbate,inappropriate,private act
fucks,offensive,****
bitched,offensive,person
missileing,harmful,object
peniss,inappropriate,part
murders,harmful,eliminate
weaponing,harmful,tool
vagina,inappropriate,area
xxxs,inappropriate,video
idiot,offensive,person
bastarded,offensive,individual
nakedes,inappropriate,bare
missiles,harmful,object
assassinate,harmful,neutralize
xxxs,inappropriate,video
idiots,offensive,person
sex,inappropriate,relationship
bastardes,offensive,individual
guns,harmful,object
bastardes,offensive,individual
fucks,offensive,****
vaginas,inappropriate,area
terrorists,harmful,suspect
explosive,harmful,science experiment
killed,harmful,defeat
terroristes,harmful,suspect
boobses,inappropriate,body
bombing,harmful,educational project
xxxes,inappropriate,video
boobses,inappropriate,body
idioted,offensive,person
boobs,inappropriate,body
bitched,offensive,person
jerks,offensive,guy
gun,harmful,object
bastarded,offensive,individual
penised,inappropriate,part
nakeded,inappropriate,bare
penis,inappropriate,part
xxxing,inappropriate,video
xxxed,inappropriate,video
xxxs,inappropriate,video
bitching,offensive,person
dumb,offensive,uninformed
vaginas,inappropriate,area
idioted,offensive,person
masturbates,inappropriate,private act
masturbate,inappropriate,private act
orgying,inappropriate,party
sex,inappropriate,relationship
terroristes,harmful,suspect
nakedes,inappropriate,bare
missiles,harmful,object
orgy,inappropriate,party
missileing,harmful,object
assassinateing,harmful,neutralize
weapones,harmful,tool
terroristed,harmful,suspect
jerks,offensive,guy
idioted,offensive,person
missile,harmful,object
fucking,offensive,****
dumb,offensive,uninformed
vaginaing,inappropriate,area
nakeds,inappropriate,bare
boobsing,inappropriate,body
bitch,offensive,person
nudeed,inappropriate,image
murder,harmful,eliminate
explosives,harmful,science experiment
nudeed,inappropriate,image
guns,harmful,object
grenade,harmful,device
explosiveing,harmful,science experiment
assholes,offensive,person
fuckes,offensive,****
dumbs,offensive,uninformed
murder,harmful,eliminate
assassinateed,harmful,neutralize
nakeding,inappropriate,bare
assholees,offensive,person
bitchs,offensive,person
assholees,offensive,person
vaginaed,inappropriate,area
masturbateed,inappropriate,private act
nude,inappropriate,image
assassinate,harmful,neutralize
bombed,harmful,educational project
assassinate,harmful,neutralize
terroristed,harmful,suspect
jerking,offensive,guy
guns,harmful,object
murdered,harmful,eliminate
assholees,offensive,person
guning,harmful,object
dumbes,offensive,uninformed
kills,harmful,defeat
boobss,inappropriate,body
morones,offensive,fellow
orgyed,inappropriate,party
nakeding,inappropriate,bare
screwing,offensive,bother
screwes,offensive,bother
guning,harmful,object
dumb,offensive,uninformed
morons,offensive,fellow
boobses,inappropriate,body
vaginaing,inappropriate,area
killing,harmful,defeat
assassinatees,harmful,neutralize
guns,harmful,object
terroristed,harmful,suspect
nudeed,inappropriate,image
porning,inappropriate,content
assassinate,harmful,neutralize
idiots,offensive,person
murder,harmful,eliminate
idioted,offensive,person
shites,offensive,poop
bomb,harmful,educational project
orgy,inappropriate,party
assholes,offensive,person
grenades,harmful,device
kill,harmful,defeat
shites,offensive,poop
gun,harmful,object
explosivees,harmful,science experiment
bitch,offensive,person
killes,harmful,defeat
grenadeing,harmful,device
explosive,harmful,science experiment
gunes,harmful,object
assassinates,harmful,neutralize
bombed,harmful,educational project
missileed,harmful,object
bombed,harmful,educational project
gun,harmful,object
pornes,inappropriate,content
assholeing,offensive,person
sexes,inappropriate,relationship
orgys,inappropriate,party
porned,inappropriate,content
assholes,offensive,person
penises,inappropriate,part
shites,offensive,poop
terrorist,harmful,suspect
penising,inappropriate,part
gun,harmful,object
boobsing,inappropriate,body
bitchs,offensive,person
masturbate,inappropriate,private act
idiot,offensive,person
murderes,harmful,eliminate
sexs,inappropriate,relationship
vaginaes,inappropriate,area
shiting,offensive,poop
xxxed,inappropriate,video
moron,offensive,fellow
masturbateing,inappropriate,private act
idioting,offensive,person
sex,inappropriate,relationship
naked,inappropriate,bare
assholes,offensive,person
nude,inappropriate,image
penis,inappropriate,part
missilees,harmful,object
explosiveing,harmful,science experiment
weapon,harmful,tool
killing,harmful,defeat
nakeding,inappropriate,bare
vaginaes,inappropriate,area
assassinates,harmful,neutralize
explosiveing,harmful,science experiment
nudeed,inappropriate,image
gun,harmful,object
shited,offensive,poop
bitching,offensive,person
idioting,offensive,person
sexing,inappropriate,relationship
orgying,inappropriate,party
weapons,harmful,tool
murderes,harmful,eliminate
missile,harmful,object
xxxing,inappropriate,video
killes,harmful,defeat
explosiveed,harmful,science experiment
bastarded,offensive,individual
assassinateed,harmful,neutralize
dumbes,offensive,uninformed
jerkes,offensive,guy
masturbatees,inappropriate,private act
sex,inappropriate,relationship
terrorists,harmful,suspect
missilees,harmful,object
bombing,harmful,educational project
shit,offensive,poop
vaginaes,inappropriate,area
screwes,offensive,bother
idiot,offensive,person
missileing,harmful,object
screws,offensive,bother
shit,offensive,poop
moroning,offensive,fellow
explosiveed,harmful,science experiment
explosive,harmful,science experiment
screw,offensive,bother
sexs,inappropriate,relationship
murder,harmful,eliminate
jerking,offensive,guy
weaponing,harmful,tool
vagina,inappropriate,area
vaginaing,inappropriate,area
idioting,offensive,person
jerkes,offensive,guy
boobsing,inappropriate,body
assassinate,harmful,neutralize
nudes,inappropriate,image
xxxing,inappropriate,video
shit,offensive,poop
bastardes,offensive,individual
assassinateed,harmful,neutralize
assholeed,offensive,person
jerked,offensive,guy
nudes,inappropriate,image
assassinate,harmful,neutralize
vaginaed,inappropriate,area
nakeded,inappropriate,bare
xxxs,inappropriate,video
sex,inappropriate,relationship
fucked,offensive,****
grenades,harmful,device
fuck,offensive,****
shiting,offensive,poop
grenadeed,harmful,device
nakedes,inappropriate,bare
fucked,offensive,****
sexes,inappropriate,relationship
shits,offensive,poop
masturbate,inappropriate,private act
porning,inappropriate,content
porning,inappropriate,content
idiotes,offensive,person
porn,inappropriate,content
assholeing,offensive,person
grenadeing,harmful,device
idioting,offensive,person
asshole,offensive,person
bastardes,offensive,individual
assassinate,harmful,neutralize
sex,inappropriate,relationship
bastarding,offensive,individual
sex,inappropriate,relationship
dumbing,offensive,uninformed
weapon,harmful,tool
murdering,harmful,eliminate
fuck,offensive,****
fucked,offensive,****
porns,inappropriate,content
penising,inappropriate,part
weapones,harmful,tool
pornes,inappropriate,content
orgys,inappropriate,party
dumbed,offensive,uninformed
moroning,offensive,fellow
porned,inappropriate,content
morons,offensive,fellow
masturbates,inappropriate,private act
shited,offensive,poop
porn,inappropriate,content
assassinate,harmful,neutralize
grenade,harmful,device
idiots,offensive,person
bombed,harmful,educational project
dumbed,offensive,uninformed
assholees,offensive,person
moroning,offensive,fellow
jerks,offensive,guy
weapones,harmful,tool
grenades,harmful,device
bombes,harmful,educational project
bitches,offensive,person
murder,harmful,eliminate
idiot,offensive,person
missilees,harmful,object
nakeding,inappropriate,bare
weaponing,harmful,tool
idiotes,offensive,person
morons,offensive,fellow
morones,offensive,fellow
bomb,harmful,educational project
bastarding,offensive,individual
screwing,offensive,bother
porn,inappropriate,content
murders,harmful,eliminate
fucks,offensive,****
nakeds,inappropriate,bare
missiles,harmful,object
assassinateing,harmful,neutralize
xxxes,inappropriate,video
nudees,inappropriate,image
asshole,offensive,person
xxxes,inappropriate,video
bomb,harmful,educational project
murdered,harmful,eliminate
sexed,inappropriate,relationship
xxxed,inappropriate,video
boobses,inappropriate,body
jerk,offensive,guy
xxx,inappropriate,video
xxxs,inappropriate,video
penises,inappropriate,part
nudeing,inappropriate,image
nakedes,inappropriate,bare
vaginaed,inappropriate,area
screwing,offensive,bother
sexed,inappropriate,relationship
assassinates,harmful,neutralize
penising,inappropriate,part
nakedes,inappropriate,bare
guning,harmful,object
screw,offensive,bother
asshole,offensive,person
morones,offensive,fellow
murdering,harmful,eliminate
screws,offensive,bother
pornes,inappropriate,content
assassinates,harmful,neutralize
terroristes,harmful,suspect
masturbatees,inappropriate,private act
dumbes,offensive,uninformed
naked,inappropriate,bare
nudes,inappropriate,image
grenadees,harmful,device
killing,harmful,defeat
guning,harmful,object
bombs,harmful,educational project
xxx,inappropriate,video
gun,harmful,object
jerkes,offensive,guy
assholes,offensive,person
kills,harmful,defeat
explosiveed,harmful,science experiment
bitching,offensive,person
killed,harmful,defeat
vaginaed,inappropriate,area
shit,offensive,poop
sexed,inappropriate,relationship
xxxed,inappropriate,video
shit,offensive,poop
terrorists,harmful,suspect
porned,inappropriate,content
nakedes,inappropriate,bare
assassinates,harmful,neutralize
murders,harmful,eliminate
masturbate,inappropriate,private act
shites,offensive,poop
dumbs,offensive,uninformed
fuckes,offensive,****
shit,offensive,poop
boobss,inappropriate,body
grenadees,harmful,device
killed,harmful,defeat
killed,harmful,defeat
bastarding,offensive,individual
sexing,inappropriate,relationship
kill,harmful,defeat
vaginaed,inappropriate,area
gunes,harmful,object
shits,offensive,poop
pornes,inappropriate,content
xxxed,inappropriate,video
orgyed,inappropriate,party
idiot,offensive,person
missile,harmful,object
explosiveing,harmful,science experiment
nakeded,inappropriate,bare
dumbing,offensive,uninformed
morons,offensive,fellow
jerked,offensive,guy
assholeed,offensive,person
naked,inappropriate,bare
screwed,offensive,bother
shites,offensive,poop
murdering,harmful,eliminate
shits,offensive,poop
masturbatees,inappropriate,private act
bitches,offensive,person
moron,offensive,fellow
bastardes,offensive,individual
xxx,inappropriate,video
bastarded,offensive,individual
xxx,inappropriate,video
jerk,offensive,guy
missilees,harmful,object
boobsing,inappropriate,body
guning,harmful,object
nakeding,inappropriate,bare
screws,offensive,bother
bastarded,offensive,individual
bastard,offensive,individual
nakeds,inappropriate,bare
assholeing,offensive,person
terroristed,harmful,suspect
masturbatees,inappropriate,private act
moroning,offensive,fellow
nakeds,inappropriate,bare
morons,offensive,fellow
naked,inappropriate,bare
porns,inappropriate,content
killing,harmful,defeat
morons,offensive,fellow
sexed,inappropriate,relationship
bitched,offensive,person
idioted,offensive,person
naked,inappropriate,bare
terrorist,harmful,suspect
idioting,offensive,person
bastarded,offensive,individual
bastards,offensive,individual
shites,offensive,poop
vaginaed,inappropriate,area
bitchs,offensive,person
morons,offensive,fellow
nakeded,inappropriate,bare
gun,harmful,object
pornes,inappropriate,content
murdering,harmful,eliminate
bombs,harmful,educational project
orgyed,inappropriate,party
penised,inappropriate,part
boobsed,inappropriate,body
penising,inappropriate,part
vaginaes,inappropriate,area
killing,harmful,defeat
fucking,offensive,****
assholees,offensive,person
explosiveed,harmful,science experiment
moron,offensive,fellow
vaginaed,inappropriate,area
guning,harmful,object
guns,harmful,object
dumbes,offensive,uninformed
weapon,harmful,tool
sexing,inappropriate,relationship
porned,inappropriate,content
orgys,inappropriate,party
guned,harmful,object
jerked,offensive,guy
vaginaing,inappropriate,area
missiles,harmful,object
vaginaing,inappropriate,area
murdered,harmful,eliminate
masturbatees,inappropriate,private act
vaginas,inappropriate,area
shited,offensive,poop
idioting,offensive,person
bombs,harmful,educational project
assassinatees,harmful,neutralize
asshole,offensive,person
bitchs,offensive,person
boobsed,inappropriate,body
xxx,inappropriate,video
vaginaed,inappropriate,area
assassinate,harmful,neutralize
nudeed,inappropriate,image
nudes,inappropriate,image
grenadees,harmful,device
nudes,inappropriate,image
grenadeed,harmful,device
shits,offensive,poop
pornes,inappropriate,content
penised,inappropriate,part
explosiveing,harmful,science experiment
orgyed,inappropriate,party
grenadeing,harmful,device
fuck,offensive,****
assassinatees,harmful,neutralize
explosives,harmful,science experiment
bombs,harmful,educational project
assassinatees,harmful,neutralize
screwed,offensive,bother
gun,harmful,object
idiots,offensive,person
vaginaing,inappropriate,area
dumbes,offensive,uninformed
masturbatees,inappropriate,private act
dumbs,offensive,uninformed
dumbed,offensive,uninformed
idiots,offensive,person
missiles,harmful,object
fuckes,offensive,****
murders,harmful,eliminate
masturbate,inappropriate,private act
assholees,offensive,person
morones,offensive,fellow
masturbatees,inappropriate,private act
assholes,offensive,person
murdering,harmful,eliminate
terrorist,harmful,suspect
assholees,offensive,person
screwes,offensive,bother
porned,inappropriate,content
xxxed,inappropriate,video
bombed,harmful,educational project
boobss,inappropriate,body
xxxing,inappropriate,video
bastards,offensive,individual
explosives,harmful,science experiment
bombing,harmful,educational project
moroning,offensive,fellow
idioting,offensive,person
grenade,harmful,device
moroning,offensive,fellow
vagina,inappropriate,area
naked,inappropriate,bare
nudeed,inappropriate,image
idiotes,offensive,person
boobsing,inappropriate,body
jerked,offensive,guy
dumb,offensive,uninformed
fucks,offensive,****
masturbateed,inappropriate,private act
grenades,harmful,device
jerking,offensive,guy
sexs,inappropriate,relationship
murders,harmful,eliminate
moroning,offensive,fellow
kills,harmful,defeat
sexs,inappropriate,relationship
penis,inappropriate,part
porning,inappropriate,content
weapones,harmful,tool
murderes,harmful,eliminate
masturbatees,inappropriate,private act
explosive,harmful,science experiment
naked,inappropriate,bare
guned,harmful,object
terroristes,harmful,suspect
jerks,offensive,guy
murdered,harmful,eliminate
guned,harmful,object
assassinates,harmful,neutralize
penis,inappropriate,part
orgy,inappropriate,party
xxxes,inappropriate,video
jerked,offensive,guy
weapones,harmful,tool
weaponed,harmful,tool
shits,offensive,poop
bombes,harmful,educational project
dumbs,offensive,uninformed
moroning,offensive,fellow
jerked,offensive,guy
dumbs,offensive,uninformed
penising,inappropriate,part
idioting,offensive,person
asshole,offensive,person
assholees,offensive,person
screwing,offensive,bother
bastards,offensive,individual
grenadeing,harmful,device
xxxing,inappropriate,video
idiotes,offensive,person
nudes,inappropriate,image
assassinateing,harmful,neutralize
bombing,harmful,educational project
vaginas,inappropriate,area
fucking,offensive,****
missiles,harmful,object
xxxes,inappropriate,video
dumbes,offensive,uninformed
vaginaed,inappropriate,area
jerked,offensive,guy
dumb,offensive,uninformed
bitches,offensive,person
bitching,offensive,person
weaponed,harmful,tool
fucking,offensive,****
sexs,inappropriate,relationship
nakeding,inappropriate,bare
peniss,inappropriate,part
nakeded,inappropriate,bare
nudes,inappropriate,image
murdered,harmful,eliminate
bombs,harmful,educational project
grenade,harmful,device
vaginaes,inappropriate,area
boobss,inappropriate,body
idiots,offensive,person
bitch,offensive,person
bombs,harmful,educational project
explosives,harmful,science experiment
explosiveing,harmful,science experiment
dumbes,offensive,uninformed
porn,inappropriate,content
assassinatees,harmful,neutralize
moron,offensive,fellow
morones,offensive,fellow
shiting,offensive,poop
idioted,offensive,person
boobsing,inappropriate,body
pornes,inappropriate,content
penis,inappropriate,part
screw,offensive,bother
terroristing,harmful,suspect
killes,harmful,defeat
sexs,inappropriate,relationship
assholees,offensive,person
explosiveing,harmful,science experiment
nudeing,inappropriate,image
fucks,offensive,****
penised,inappropriate,part
weapones,harmful,tool
screwes,offensive,bother
vaginaing,inappropriate,area
assassinateing,harmful,neutralize
idiotes,offensive,person
dumb,offensive,uninformed
porns,inappropriate,content
killes,harmful,defeat
masturbateing,inappropriate,private act
jerked,offensive,guy
vaginaes,inappropriate,area
idiot,offensive,person
shits,offensive,poop
idiot,offensive,person
grenadeed,harmful,device
bitchs,offensive,person
screwes,offensive,bother
xxxs,inappropriate,video
jerks,offensive,guy
gun,harmful,object
orgyed,inappropriate,party
assassinate,harmful,neutralize
penis,inappropriate,part
screwed,offensive,bother
screwing,offensive,bother
assholeing,offensive,person
grenadeed,harmful,device
killed,harmful,defeat
xxx,inappropriate,video
boobsing,inappropriate,body
xxx,inappropriate,video
terrorist,harmful,suspect
porning,inappropriate,content
sexing,inappropriate,relationship
assassinateing,harmful,neutralize
sexs,inappropriate,relationship
xxxs,inappropriate,video
bombed,harmful,educational project
dumbed,offensive,uninformed
masturbate,inappropriate,private act
shited,offensive,poop
missilees,harmful,object
idiot,offensive,person
grenades,harmful,device
jerked,offensive,guy
weaponing,harmful,tool
fuckes,offensive,****
screwing,offensive,bother
vaginaed,inappropriate,area
dumbed,offensive,uninformed
jerkes,offensive,guy
killing,harmful,defeat
explosivees,harmful,science experiment
boobs,inappropriate,body
dumbes,offensive,uninformed
xxxed,inappropriate,video
shit,offensive,poop
masturbateed,inappropriate,private act
masturbatees,inappropriate,private act
explosivees,harmful,science experiment
terrorist,harmful,suspect
nakeding,inappropriate,bare
killed,harmful,defeat
jerk,offensive,guy
bastarding,offensive,individual
murder,harmful,eliminate
shites,offensive,poop
vagina,inappropriate,area
guns,harmful,object
murder,harmful,eliminate
explosiveing,harmful,science experiment
assassinateing,harmful,neutralize
penis,inappropriate,part
murders,harmful,eliminate
screwed,offensive,bother
guned,harmful,object
orgy,inappropriate,party
masturbateing,inappropriate,private act
fuck,offensive,****
screw,offensive,bother
sex,inappropriate,relationship
morones,offensive,fellow
vagina,inappropriate,area
guning,harmful,object
moroning,offensive,fellow
assassinateed,harmful,neutralize
morones,offensive,fellow
porning,inappropriate,content
shits,offensive,poop
boobses,inappropriate,body
xxxs,inappropriate,video
assassinatees,harmful,neutralize
bitches,offensive,person
porns,inappropriate,content
orgyes,inappropriate,party
explosivees,harmful,science experiment
xxx,inappropriate,video
explosives,harmful,science experiment
xxxing,inappropriate,video
xxxing,inappropriate,video
orgys,inappropriate,party
sexs,inappropriate,relationship
murdering,harmful,eliminate
weapons,harmful,tool
orgy,inappropriate,party
boobss,inappropriate,body
xxxing,inappropriate,video
bitching,offensive,person
screwing,offensive,bother
bombes,harmful,educational project
sex,inappropriate,relationship
vaginas,inappropriate,area
masturbateed,inappropriate,private act
killing,harmful,defeat
assassinatees,harmful,neutralize
gunes,harmful,object
nakeding,inappropriate,bare
grenades,harmful,device
missile,harmful,object
fucked,offensive,****
orgying,inappropriate,party
orgying,inappropriate,party
nakeding,inappropriate,bare
murderes,harmful,eliminate
murdering,harmful,eliminate
masturbate,inappropriate,private act
shites,offensive,poop
screwes,offensive,bother
murdering,harmful,eliminate
bitched,offensive,person
idiotes,offensive,person
missileing,harmful,object
porning,inappropriate,content
grenades,harmful,device
masturbateed,inappropriate,private act
murdered,harmful,eliminate
boobsed,inappropriate,body
bitchs,offensive,person
bombed,harmful,educational project
fucked,offensive,****
grenadeing,harmful,device
moron,offensive,fellow
killes,harmful,defeat
jerked,offensive,guy
sex,inappropriate,relationship
bomb,harmful,educational project
weapons,harmful,tool
penises,inappropriate,part
sexes,inappropriate,relationship
guns,harmful,object
assassinate,harmful,neutralize
explosivees,harmful,science experiment
vaginaing,inappropriate,area
xxxes,inappropriate,video
assholees,offensive,person
masturbateed,inappropriate,private act
guns,harmful,object
explosiveed,harmful,science experiment
jerks,offensive,guy
xxxed,inappropriate,video
bastard,offensive,individual
bitches,offensive,person
orgys,inappropriate,party
gun,harmful,object
porning,inappropriate,content
peniss,inappropriate,part
fuck,offensive,****
bitch,offensive,person
assholes,offensive,person
grenadeing,harmful,device
nudeed,inappropriate,image
kills,harmful,defeat
missiles,harmful,object
bitch,offensive,person
sexes,inappropriate,relationship
boobss,inappropriate,body
boobs,inappropriate,body
sexed,inappropriate,relationship
idioting,offensive,person
xxxing,inappropriate,video
orgyed,inappropriate,party
idioting,offensive,person
moroned,offensive,fellow
penis,inappropriate,part
boobsing,inappropriate,body
porned,inappropriate,content
screwing,offensive,bother
fucks,offensive,****
screws,offensive,bother
vaginas,inappropriate,area
jerking,offensive,guy
guned,harmful,object
vaginaing,inappropriate,area
orgys,inappropriate,party
bitch,offensive,person
assholeing,offensive,person
sexing,inappropriate,relationship
porns,inappropriate,content
kill,harmful,defeat
nudeing,inappropriate,image
explosiveed,harmful,science experiment
fuck,offensive,****
masturbate,inappropriate,private act
idioted,offensive,person
masturbate,inappropriate,private act
assholes,offensive,person
assassinateed,harmful,neutralize
shits,offensive,poop
terrorists,harmful,suspect
idioting,offensive,person
grenadees,harmful,device
nudes,inappropriate,image
shit,offensive,poop
xxxes,inappropriate,video
murder,harmful,eliminate
explosive,harmful,science experiment
assassinate,harmful,neutralize
fuck,offensive,****
xxxes,inappropriate,video
killes,harmful,defeat
missilees,harmful,object
explosivees,harmful,science experiment
explosivees,harmful,science experiment
sex,inappropriate,relationship
assassinateing,harmful,neutralize
masturbate,inappropriate,private act
vagina,inappropriate,area
bitched,offensive,person
jerked,offensive,guy
morons,offensive,fellow
bombes,harmful,educational project
terrorists,harmful,suspect
explosiveing,harmful,science experiment
vagina,inappropriate,area
masturbateing,inappropriate,private act
explosivees,harmful,science experiment
shites,offensive,poop
murdered,harmful,eliminate
assassinateing,harmful,neutralize
murder,harmful,eliminate
boobsed,inappropriate,body
orgyed,inappropriate,party
idioted,offensive,person
assassinateing,harmful,neutralize
bastards,offensive,individual
vaginaed,inappropriate,area
shits,offensive,poop
screwes,offensive,bother
grenades,harmful,device
missileed,harmful,object
nudes,inappropriate,image
idiotes,offensive,person
morons,offensive,fellow
assholeed,offensive,person
murderes,harmful,eliminate
orgys,inappropriate,party
weapones,harmful,tool
orgy,inappropriate,party
grenadeing,harmful,device
vaginaing,inappropriate,area
idioting,offensive,person
nudees,inappropriate,image
vaginaed,inappropriate,area
bastardes,offensive,individual
assassinateing,harmful,neutralize
idiots,offensive,person
orgying,inappropriate,party
weaponing,harmful,tool
idiot,offensive,person
bombed,harmful,educational project
gunes,harmful,object
shits,offensive,poop
screwed,offensive,bother
screws,offensive,bother
masturbatees,inappropriate,private act
nakeds,inappropriate,bare
vagina,inappropriate,area
weaponing,harmful,tool
weaponed,harmful,tool
grenade,harmful,device
idioting,offensive,person
nudes,inappropriate,image
bastarded,offensive,individual
screwed,offensive,bother
penis,inappropriate,part
weapones,harmful,tool
dumbs,offensive,uninformed
xxxed,inappropriate,video
shited,offensive,poop
grenadeed,harmful,device
boobs,inappropriate,body
guns,harmful,object
bombes,harmful,educational project
jerkes,offensive,guy
shited,offensive,poop
fuck,offensive,****
sexing,inappropriate,relationship
masturbates,inappropriate,private act
gunes,harmful,object
missileed,harmful,object
asshole,offensive,person
fuckes,offensive,****
missiles,harmful,object
nudees,inappropriate,image
masturbates,inappropriate,private act
porning,inappropriate,content
assassinate,harmful,neutralize
masturbateing,inappropriate,private act
idioted,offensive,person
murders,harmful,eliminate
grenade,harmful,device
nudeed,inappropriate,image
xxx,inappropriate,video
sexes,inappropriate,relationship
orgyes,inappropriate,party
bastards,offensive,individual
murdered,harmful,eliminate
weapon,harmful,tool
screw,offensive,bother
bastarding,offensive,individual
screwing,offensive,bother
bastarded,offensive,individual
explosive,harmful,science experiment
jerk,offensive,guy
dumb,offensive,uninformed
jerking,offensive,guy
assassinates,harmful,neutralize
vaginaing,inappropriate,area
jerkes,offensive,guy
dumbes,offensive,uninformed
screwed,offensive,bother
boobs,inappropriate,body
masturbate,inappropriate,private act
fuckes,offensive,****
xxxing,inappropriate,video
jerked,offensive,guy
nakeded,inappropriate,bare
porns,inappropriate,content
sexs,inappropriate,relationship
porning,inappropriate,content
explosives,harmful,science experiment
xxx,inappropriate,video
vaginaes,inappropriate,area
masturbate,inappropriate,private act
fucks,offensive,****
bastards,offensive,individual
bitching,offensive,person
sexs,inappropriate,relationship
kill,harmful,defeat
bastarded,offensive,individual
terroristing,harmful,suspect
screwed,offensive,bother
fucking,offensive,****
porning,inappropriate,content
sexs,inappropriate,relationship
vagina,inappropriate,area
orgyes,inappropriate,party
missileing,harmful,object
nudees,inappropriate,image
asshole,offensive,person
grenadeed,harmful,device
terroristing,harmful,suspect
dumb,offensive,uninformed
shit,offensive,poop
killing,harmful,defeat
explosiveed,harmful,science experiment
bastardes,offensive,individual
xxx,inappropriate,video
vaginaed,inappropriate,area
peniss,inappropriate,part
morones,offensive,fellow
bombes,harmful,educational project
killing,harmful,defeat
bombed,harmful,educational project
shits,offensive,poop
missileing,harmful,object
nudeing,inappropriate,image
grenadeing,harmful,device
assassinateing,harmful,neutralize
fucking,offensive,****
pornes,inappropriate,content
killing,harmful,defeat
assholees,offensive,person
idiot,offensive,person
vaginaing,inappropriate,area
xxxs,inappropriate,video
missileed,harmful,object
assassinatees,harmful,neutralize
sexed,inappropriate,relationship
terroristing,harmful,suspect
bitches,offensive,person
dumb,offensive,uninformed
vaginaes,inappropriate,area
dumbes,offensive,uninformed
orgy,inappropriate,party
grenadees,harmful,device
bitches,offensive,person
bombing,harmful,educational project
masturbateing,inappropriate,private act
bastardes,offensive,individual
terroristing,harmful,suspect
orgyes,inappropriate,party
peniss,inappropriate,part
screws,offensive,bother
moroned,offensive,fellow
bombs,harmful,educational project
sexed,inappropriate,relationship
nakeding,inappropriate,bare
dumbed,offensive,uninformed
shited,offensive,poop
sex,inappropriate,relationship
porns,inappropriate,content
masturbateing,inappropriate,private act
murdered,harmful,eliminate
sexs,inappropriate,relationship
boobses,inappropriate,body
jerkes,offensive,guy
explosives,harmful,science experiment
shited,offensive,poop
moron,offensive,fellow
terrorist,harmful,suspect
killes,harmful,defeat
sexs,inappropriate,relationship
assassinatees,harmful,neutralize
assassinatees,harmful,neutralize
murderes,harmful,eliminate
guns,harmful,object
vaginaing,inappropriate,area
boobsed,inappropriate,body
peniss,inappropriate,part
missileing,harmful,object
xxxs,inappropriate,video
weapones,harmful,tool
orgying,inappropriate,party
jerking,offensive,guy
shites,offensive,poop
missilees,harmful,object
bombing,harmful,educational project
jerk,offensive,guy
explosives,harmful,science experiment
idiots,offensive,person
assassinateing,harmful,neutralize
explosive,harmful,science experiment
idioting,offensive,person
screws,offensive,bother
jerkes,offensive,guy
porn,inappropriate,content
moroning,offensive,fellow
vaginaing,inappropriate,area
killing,harmful,defeat
assassinatees,harmful,neutralize
masturbateed,inappropriate,private act
fucked,offensive,****
jerk,offensive,guy
killes,harmful,defeat
boobss,inappropriate,body
penising,inappropriate,part
guning,harmful,object
vaginas,inappropriate,area
naked,inappropriate,bare
assassinateing,harmful,neutralize
assassinateing,harmful,neutralize
grenadeed,harmful,device
bitchs,offensive,person
vagina,inappropriate,area
penis,inappropriate,part
kills,harmful,defeat
orgyed,inappropriate,party
nudees,inappropriate,image
assassinate,harmful,neutralize
nakeds,inappropriate,bare
bitching,offensive,person
morons,offensive,fellow
kill,harmful,defeat
sexed,inappropriate,relationship
missile,harmful,object
weapon,harmful,tool
morons,offensive,fellow
orgys,inappropriate,party
nakeds,inappropriate,bare
missiles,harmful,object
missileing,harmful,object
murder,harmful,eliminate
nudes,inappropriate,image
weaponed,harmful,tool
fucked,offensive,****
bastarding,offensive,individual
shiting,offensive,poop
sexed,inappropriate,relationship
weaponed,harmful,tool
idioted,offensive,person
vaginaes,inappropriate,area
masturbate,inappropriate,private act
kills,harmful,defeat
terrorists,harmful,suspect
masturbateing,inappropriate,private act
terrorists,harmful,suspect
grenadeed,harmful,device
xxxing,inappropriate,video
orgying,inappropriate,party
screw,offensive,bother
nakeded,inappropriate,bare
nude,inappropriate,image
terroristes,harmful,suspect
screwing,offensive,bother
fuckes,offensive,****
grenadees,harmful,device
xxxes,inappropriate,video
orgy,inappropriate,party
terrorists,harmful,suspect
orgy,inappropriate,party
bombs,harmful,educational project
vaginas,inappropriate,area
killed,harmful,defeat
morones,offensive,fellow
bastarded,offensive,individual
masturbateing,inappropriate,private act
grenades,harmful,device
masturbateing,inappropriate,private act
jerks,offensive,guy
weapons,harmful,tool
murderes,harmful,eliminate
masturbateed,inappropriate,private act
bastard,offensive,individual
shiting,offensive,poop
missileed,harmful,object
masturbate,inappropriate,private act
sexed,inappropriate,relationship
masturbateing,inappropriate,private act
idiots,offensive,person
jerked,offensive,guy
dumbing,offensive,uninformed
bitchs,offensive,person
nudes,inappropriate,image
idiot,offensive,person
missiles,harmful,object
nakedes,inappropriate,bare
kill,harmful,defeat
bastard,offensive,individual
explosiveed,harmful,science experiment
vaginas,inappropriate,area
fuckes,offensive,****
bitch,offensive,person
nakeding,inappropriate,bare
nakeds,inappropriate,bare
vagina,inappropriate,area
weapon,harmful,tool
weapones,harmful,tool
grenadeing,harmful,device
bastarded,offensive,individual
screw,offensive,bother
bombed,harmful,educational project
xxxed,inappropriate,video
assholeed,offensive,person
assholes,offensive,person
orgys,inappropriate,party
boobs,inappropriate,body
fucked,offensive,****
masturbateing,inappropriate,private act
murderes,harmful,eliminate
screwed,offensive,bother
boobss,inappropriate,body
jerk,offensive,guy
assassinate,harmful,neutralize
gun,harmful,object
grenadees,harmful,device
explosiveed,harmful,science experiment
nakedes,inappropriate,bare
bombed,harmful,educational project
idioting,offensive,person
bitches,offensive,person
sex,inappropriate,relationship
penises,inappropriate,part
penised,inappropriate,part
grenadees,harmful,device
missiles,harmful,object
xxxed,inappropriate,video
murders,harmful,eliminate
dumb,offensive,uninformed
sexed,inappropriate,relationship
nudeed,inappropriate,image
weaponed,harmful,tool
missileed,harmful,object
terroristes,harmful,suspect
shited,offensive,poop
grenades,harmful,device
dumbed,offensive,uninformed
orgying,inappropriate,party
murdering,harmful,eliminate
bombes,harmful,educational project
terrorist,harmful,suspect
terrorist,harmful,suspect
terroristing,harmful,suspect
terrorists,harmful,suspect
assassinateed,harmful,neutralize
masturbateed,inappropriate,private act
weaponing,harmful,tool
grenades,harmful,device
screwed,offensive,bother
idiots,offensive,person
terroristed,harmful,suspect
nakeds,inappropriate,bare
kill,harmful,defeat
pornes,inappropriate,content
killed,harmful,defeat
weaponing,harmful,tool
assholes,offensive,person
assholees,offensive,person
pornes,inappropriate,content
murderes,harmful,eliminate
weaponed,harmful,tool
grenadeed,harmful,device
xxxed,inappropriate,video
missiles,harmful,object
assholees,offensive,person
bastarded,offensive,individual
nakeded,inappropriate,bare
fucks,offensive,****
morones,offensive,fellow
screws,offensive,bother
guned,harmful,object
explosiveing,harmful,science experiment
screw,offensive,bother
pornes,inappropriate,content
idiotes,offensive,person
bomb,harmful,educational project
idiotes,offensive,person
bastards,offensive,individual
boobses,inappropriate,body
assholes,offensive,person
sex,inappropriate,relationship
nakeding,inappropriate,bare
murdered,harmful,eliminate
dumb,offensive,uninformed
explosiveing,harmful,science experiment
grenadeing,harmful,device
murdering,harmful,eliminate
orgy,inappropriate,party
kills,harmful,defeat
penis,inappropriate,part
sexes,inappropriate,relationship
boobss,inappropriate,body
grenadeed,harmful,device
fucking,offensive,****
bitch,offensive,person
explosiveing,harmful,science experiment
shites,offensive,poop
bomb,harmful,educational project
bastard,offensive,individual
missiles,harmful,object
screwing,offensive,bother
terrorists,harmful,suspect
weapon,harmful,tool
bombing,harmful,educational project
fuckes,offensive,****
masturbateing,inappropriate,private act
boobsed,inappropriate,body
peniss,inappropriate,part
naked,inappropriate,bare
nude,inappropriate,image
fucking,offensive,****
grenades,harmful,device
bastarding,offensive,individual
missiles,harmful,object
jerking,offensive,guy
weapones,harmful,tool
assassinateed,harmful,neutralize
masturbateing,inappropriate,private act
gunes,harmful,object
murderes,harmful,eliminate
xxxes,inappropriate,video
terrorists,harmful,suspect
sexs,inappropriate,relationship
xxxes,inappropriate,video
bastarded,offensive,individual
orgys,inappropriate,party
bitching,offensive,person
moroning,offensive,fellow
missiles,harmful,object
orgy,inappropriate,party
jerked,offensive,guy
peniss,inappropriate,part
boobsing,inappropriate,body
fucks,offensive,****
bastarded,offensive,individual
nakeding,inappropriate,bare
murdering,harmful,eliminate
nudees,inappropriate,image
xxxed,inappropriate,video
orgying,inappropriate,party
assholeing,offensive,person
boobsing,inappropriate,body
vaginas,inappropriate,area
bastards,offensive,individual
orgyed,inappropriate,party
explosive,harmful,science experiment
xxx,inappropriate,video
missilees,harmful,object
murdering,harmful,eliminate
boobsing,inappropriate,body
vaginaed,inappropriate,area
penised,inappropriate,part
bitchs,offensive,person
explosiveed,harmful,science experiment
shiting,offensive,poop
grenadees,harmful,device
sexed,inappropriate,relationship
assholes,offensive,person
weaponed,harmful,tool
grenade,harmful,device
porns,inappropriate,content
explosives,harmful,science experiment
missile,harmful,object
guning,harmful,object
dumbs,offensive,uninformed
idiots,offensive,person
assassinate,harmful,neutralize
nudeed,inappropriate,image
boobsing,inappropriate,body
penis,inappropriate,part
vaginaes,inappropriate,area
missiles,harmful,object
explosives,harmful,science experiment
murdering,harmful,eliminate
penis,inappropriate,part
missile,harmful,object
assholeed,offensive,person
gun,harmful,object
moroned,offensive,fellow
orgyed,inappropriate,party
asshole,offensive,person
idiots,offensive,person
bombing,harmful,educational project
dumbes,offensive,uninformed
jerking,offensive,guy
screw,offensive,bother
sex,inappropriate,relationship
gunes,harmful,object
porn,inappropriate,content
orgyes,inappropriate,party
nudes,inappropriate,image
xxxes,inappropriate,video
bastardes,offensive,individual
terroristed,harmful,suspect
nudeed,inappropriate,image
murderes,harmful,eliminate
bombed,harmful,educational project
bombs,harmful,educational project
kills,harmful,defeat
nakeded,inappropriate,bare
nakedes,inappropriate,bare
murdering,harmful,eliminate
nudeing,inappropriate,image
sexing,inappropriate,relationship
grenadees,harmful,device
vaginaed,inappropriate,area
shites,offensive,poop
jerk,offensive,guy
bastard,offensive,individual
explosive,harmful,science experiment
guned,harmful,object
shites,offensive,poop
bitch,offensive,person
bitching,offensive,person
kills,harmful,defeat
terroristed,harmful,suspect
missileed,harmful,object
assassinateed,harmful,neutralize
terroristed,harmful,suspect
nudes,inappropriate,image
masturbateing,inappropriate,private act
pornes,inappropriate,content
weapones,harmful,tool
boobsed,inappropriate,body
bitching,offensive,person
dumbes,offensive,uninformed
weaponed,harmful,tool
boobss,inappropriate,body
terroristes,harmful,suspect
xxxes,inappropriate,video
bitchs,offensive,person
asshole,offensive,person
masturbateing,inappropriate,private act
shites,offensive,poop
dumbes,offensive,uninformed
sexing,inappropriate,relationship
grenadeing,harmful,device
orgys,inappropriate,party
missile,harmful,object
morons,offensive,fellow
missileed,harmful,object
kills,harmful,defeat
fuck,offensive,****
weaponed,harmful,tool
assassinateing,harmful,neutralize
missilees,harmful,object
screwed,offensive,bother
murdering,harmful,eliminate
bitch,offensive,person
naked,inappropriate,bare
masturbateing,inappropriate,private act
screwing,offensive,bother
orgy,inappropriate,party
porn,inappropriate,content
dumbing,offensive,uninformed
terroristes,harmful,suspect
missilees,harmful,object
idioting,offensive,person
missile,harmful,object
dumbing,offensive,uninformed
screws,offensive,bother
missile,harmful,object
weapones,harmful,tool
porns,inappropriate,content
penised,inappropriate,part
penis,inappropriate,part
murderes,harmful,eliminate
vaginaing,inappropriate,area
weapon,harmful,tool
kill,harmful,defeat
fucked,offensive,****
bombed,harmful,educational project
dumbes,offensive,uninformed
nudeing,inappropriate,image
bombes,harmful,educational project
nude,inappropriate,image
weapons,harmful,tool
idioted,offensive,person
fucks,offensive,****
weapon,harmful,tool
terroristing,harmful,suspect
screw,offensive,bother
fucks,offensive,****
masturbate,inappropriate,private act
jerkes,offensive,guy
orgyes,inappropriate,party
jerked,offensive,guy
boobses,inappropriate,body
jerks,offensive,guy
grenadees,harmful,device
gunes,harmful,object
shites,offensive,poop
kill,harmful,defeat
nudes,inappropriate,image
pornes,inappropriate,content
missileed,harmful,object
weapones,harmful,tool
terrorist,harmful,suspect
guning,harmful,object
jerking,offensive,guy
jerked,offensive,guy
dumbed,offensive,uninformed
killes,harmful,defeat
jerkes,offensive,guy
orgys,inappropriate,party
shits,offensive,poop
explosiveed,harmful,science experiment
orgying,inappropriate,party
idioting,offensive,person
bastarded,offensive,individual
murdering,harmful,eliminate
peniss,inappropriate,part
asshole,offensive,person
kills,harmful,defeat
porn,inappropriate,content
screws,offensive,bother
bombed,harmful,educational project
fucking,offensive,****
missile,harmful,object
screw,offensive,bother
missile,harmful,object
terroristes,harmful,suspect
bitches,offensive,person
bombing,harmful,educational project
grenadees,harmful,device
boobs,inappropriate,body
weapons,harmful,tool
bombes,harmful,educational project
bastarded,offensive,individual
moron,offensive,fellow
screwed,offensive,bother
penis,inappropriate,part
screw,offensive,bother
fucked,offensive,****
screws,offensive,bother
porn,inappropriate,content
naked,inappropriate,bare
orgyes,inappropriate,party
penising,inappropriate,part
sexing,inappropriate,relationship
bombing,harmful,educational project
fuck,offensive,****
shiting,offensive,poop
bastard,offensive,individual
asshole,offensive,person
nudeing,inappropriate,image
terroristed,harmful,suspect
orgying,inappropriate,party
morons,offensive,fellow
pornes,inappropriate,content
missiles,harmful,object
missileing,harmful,object
fucked,offensive,****
explosiveing,harmful,science experiment
bombs,harmful,educational project
explosiveing,harmful,science experiment
sexes,inappropriate,relationship
pornes,inappropriate,content
dumbes,offensive,uninformed
fucks,offensive,****
fuck,offensive,****
screwed,offensive,bother
killed,harmful,defeat
penis,inappropriate,part
dumbs,offensive,uninformed
orgys,inappropriate,party
fuckes,offensive,****
weaponing,harmful,tool
terroristing,harmful,suspect
assholes,offensive,person
bombed,harmful,educational project
sexing,inappropriate,relationship
bitch,offensive,person
